{
  "modelItemEnumerations": [
    {
      "modelItemId": 10,
      "enumText": "USD/IRR",
      "enumValue": 1
    },
    {
      "modelItemId": 10,
      "enumText": "EUR/IRR",
      "enumValue": 2
    },
    {
      "modelItemId": 10,
      "enumText": "GBP/IRR",
      "enumValue": 3
    },
    {
      "modelItemId": 10,
      "enumText": "JPY/IRR",
      "enumValue": 4
    },
    {
      "modelItemId": 10,
      "enumText": "CHF/IRR",
      "enumValue": 5
    },
    {
      "modelItemId": 10,
      "enumText": "CAD/IRR",
      "enumValue": 6
    },
    {
      "modelItemId": 10,
      "enumText": "AUD/IRR",
      "enumValue": 7
    },
    {
      "modelItemId": 10,
      "enumText": "CNY/IRR",
      "enumValue": 8
    },
    {
      "modelItemId": 10,
      "enumText": "AED/IRR",
      "enumValue": 9
    },
    {
      "modelItemId": 10,
      "enumText": "TRY/IRR",
      "enumValue": 10
    }
  ]
}
