{
  "modelItems": [
    {
      "id": 1,
      "modelId": 1,
      "name": "ImportLicense",
      "title": "مجوز واردات",
      "modelItemType": "Text"
    },
    {
      "id": 2,
      "modelId": 1,
      "name": "CustomsDeclaration",
      "title": "اظهارنامه گمرکی",
      "modelItemType": "Text"
    },
    {
      "id": 3,
      "modelId": 1,
      "name": "ProformaInvoice",
      "title": "فاکتور پروفرما",
      "modelItemType": "Text"
    },
    {
      "id": 4,
      "modelId": 1,
      "name": "BillOfLading",
      "title": "بارنامه",
      "modelItemType": "Text"
    },
    {
      "id": 5,
      "modelId": 1,
      "name": "PackingList",
      "title": "لیست بسته‌بندی",
      "modelItemType": "Text"
    },
    {
      "id": 6,
      "modelId": 1,
      "name": "CertificateOfOrigin",
      "title": "گواهی مبدأ",
      "modelItemType": "Text"
    },
    {
      "id": 7,
      "modelId": 1,
      "name": "InsurancePolicy",
      "title": "بیمه‌نامه",
      "modelItemType": "Text"
    },
    {
      "id": 8,
      "modelId": 1,
      "name": "HealthCertificate",
      "title": "گواهی بهداشت",
      "modelItemType": "Text"
    },
    {
      "id": 9,
      "modelId": 2,
      "name": "ExchangeRate",
      "title": "نرخ ارز",
      "modelItemType": "Number"
    },
    {
      "id": 10,
      "modelId": 2,
      "name": "CurrencyPair",
      "title": "جفت ارز",
      "modelItemType": "Enumeration"
    },
    {
      "id": 11,
      "modelId": 2,
      "name": "BankTransfer",
      "title": "حواله بانکی",
      "modelItemType": "Text"
    },
    {
      "id": 12,
      "modelId": 2,
      "name": "LetterOfCredit",
      "title": "اعتبار اسنادی",
      "modelItemType": "Text"
    },
    {
      "id": 13,
      "modelId": 2,
      "name": "SwiftMessage",
      "title": "پیام سوئیفت",
      "modelItemType": "Text"
    },
    {
      "id": 14,
      "modelId": 2,
      "name": "ExchangeCommission",
      "title": "کمیسیون تبدیل",
      "modelItemType": "Number"
    },
    {
      "id": 15,
      "modelId": 2,
      "name": "CentralBankRate",
      "title": "نرخ بانک مرکزی",
      "modelItemType": "Number"
    },
    {
      "id": 16,
      "modelId": 2,
      "name": "ForwardContract",
      "title": "قرارداد آتی",
      "modelItemType": "Text"
    },
    {
      "id": 17,
      "modelId": 2,
      "name": "SpotTransaction",
      "title": "معامله نقدی",
      "modelItemType": "Text"
    },
    {
      "id": 18,
      "modelId": 2,
      "name": "CurrencyHedging",
      "title": "پوشش ریسک ارزی",
      "modelItemType": "Text"
    }
  ]
}
